"","mu.bmi_m","sigma.bmi_m","mu.bmi_s","sigma.bmi_s","mu.bmi_err","sigma.bmi_err","p.htn_m","p.htn_s","p.htn_misclassified"
"1",26.577501561524,8.2607243913696,28.5371545609403,6.94665484131405,-0.831149829573212,2.08098516472653,0.363852745160267,0.34742318322224,0.327001356852103
