"","gender","mu.bmi_m","sigma.bmi_m","mu.bmi_s","sigma.bmi_s","mu.bmi_err","sigma.bmi_err","p.htn_m","p.htn_s","p.htn_misclassified"
"1","Male",26.1562227354375,7.63307894283175,28.3025889503952,6.19741562402268,-0.643122986347356,1.9519351101797,0.400642054574639,0.355994641661085,0.372138910812944
"2","Female",26.9771421616358,8.7972266316335,28.7618461799244,7.5896081489098,-1.00970865445223,2.18192287033747,0.327894571697521,0.339336492890995,0.283428571428571
